id,name,symbol,lastTradedTime,price,turnover,sharevolume,tradevolume,percentageChange,change
204,ABANS ELECTRICALS PLC,ABAN.N0000,1752565016058.0,444.0,3230079.25,7259.0,50.0,-0.1124859392575928,-0.5
1845,ABANS FINANCE PLC,AFSL.N0000,1752565355324.0,69.3,251502.3,3774.0,33.0,4.2105263157894735,2.8
2065,ACCESS ENGINEERING PLC,AEL.N0000,1752565436218.0,58.1,494062780.3,8772488.0,1708.0,7.195571955719557,3.9
472,ACL CABLES PLC,ACL.N0000,1752565216036.0,158.0,21913331.5,138134.0,150.0,-1.557632398753894,-2.5
406,ACL PLASTICS PLC,APLA.N0000,1752560135696.0,725.0,522157.75,719.0,19.0,0.6245662734212353,4.5
554,ACME PRINTING & PACKAGING PLC,ACME.N0000,1752564752521.0,4.9,339801.7,70762.0,20.0,2.0833333333333335,0.1
163,AGALAWATTE  PLANTATIONS  PLC,AGAL.N0000,1752565129672.0,57.0,15667912.0,277018.0,186.0,1.4234875444839858,0.8
2035,AGSTAR PLC,AGST.X0000,,7.7,,,,0.0,0.0
2026,AGSTAR PLC,AGST.N0000,1752565452808.0,7.9,4177250.8,524459.0,81.0,1.2820512820512822,0.1
144,AITKEN SPENCE HOTEL HOLDINGS PLC,AHUN.N0000,1752564578229.0,79.0,13185645.9,166975.0,84.0,-0.8782936010037641,-0.7
2789,AITKEN SPENCE PLANTATION MANAGEMENTS PLC,ASPM.N0000,,0.0,,,,0.0,0.0
343,AITKEN SPENCE PLC,SPEN.N0000,1752564842255.0,138.75,9358948.25,67192.0,83.0,-0.5376344086021505,-0.75
395,ALLIANCE FINANCE COMPANY PLC,ALLI.N0000,1752565329882.0,415.0,7505306.5,18122.0,110.0,-4.377880184331797,-19.0
5511,ALPHA FIRE SERVICES PLC,AFS.N0000,1752564743763.0,14.6,919111.5,61518.0,40.0,-3.3112582781456954,-0.5
3082,ALUMEX PLC,ALUM.N0000,1752565453309.0,17.4,46610291.4,2697431.0,441.0,-2.247191011235955,-0.4
3046,AMANA BANK PLC,ABL.N0000,1752564984978.0,23.2,8895497.1,385230.0,45.0,0.4329004329004329,0.1
364,AMANA TAKAFUL PLC,ATL.N0000,1752557427651.0,13.8,337516.8,24456.0,10.0,-1.4285714285714286,-0.2
3575,AMANA TAKAFUL LIFE PLC,ATLL.N0000,1752555993446.0,31.8,12720.0,400.0,4.0,-0.625,-0.2
2145,AMBEON CAPITAL PLC,TAP.N0000,1752565312196.0,24.9,38455322.5,1558164.0,77.0,-0.4,-0.1
121,AMBEON HOLDINGS PLC,GREG.N0000,1752562963572.0,81.4,100045.5,1235.0,22.0,2.0050125313283207,1.6
1800,AMW CAPITAL LEASING AND FINANCE PLC,AMCL.N0000,,22.4,,,,0.0,0.0
2846,ANILANA HOTELS AND PROPERTIES PLC,ALHP.N0000,,0.0,,,,0.0,0.0
3244,ARPICO INSURANCE PLC,AINS.N0000,1752565316759.0,32.6,372160.2,11773.0,39.0,1.557632398753894,0.5
2025,ASIA ASSET FINANCE PLC,AAF.N0000,1752564388839.0,43.8,9510725.3,215357.0,99.0,-0.9049773755656109,-0.4
5145,ASIA ASSET FINANCE PLC,AAF.P0000,1752559153457.0,47.1,125649.8,2669.0,6.0,1.5086206896551724,0.7
160,ASIA CAPITAL PLC,ACAP.N0000,1752564539825.0,4.0,62660.8,16013.0,11.0,0.0,0.0
2209,ASIA SIYAKA COMMODITIES LIMITED,ASIY.N0000,1752564869527.0,6.5,343374.7,52700.0,39.0,0.0,0.0
143,ASIAN HOTELS AND PROPERTIES PLC,AHPL.N0000,1752565452160.0,62.0,62966998.9,1032916.0,204.0,3.3333333333333335,2.0
240,ASIRI SURGICAL HOSPITAL PLC,AMSL.N0000,1752565452535.0,13.2,50631.3,3862.0,21.0,0.7633587786259542,0.1
225,ASIRI HOSPITAL HOLDINGS PLC,ASIR.N0000,1752565353598.0,34.6,2335997.8,67051.0,52.0,-0.5747126436781609,-0.2
1844,ASSOCIATED MOTOR FINANCE COMPANY PLC,AMF.N0000,1752565462231.0,59.6,30046305.9,517255.0,258.0,3.292894280762565,1.9
5753,Agarapatana Plantations PLC,AGPL.N0000,1752564240279.0,18.4,9664722.1,534589.0,152.0,2.2222222222222223,0.4
3794,B P P L HOLDINGS PLC,BPPL.N0000,1752564129521.0,17.5,2099506.5,119040.0,63.0,-2.2346368715083798,-0.4
188,BAIRAHA FARMS PLC,BFL.N0000,1752565354810.0,247.75,39726654.25,161500.0,212.0,-2.4606299212598426,-6.25
193,BALANGODA  PLANTATIONS  PLC,BALA.N0000,1752556542656.0,82.8,4357723.2,54437.0,22.0,1.9704433497536946,1.6
3080,BANSEI ROYAL RESORTS HIKKADUWA PLC,BRR.N0000,1752563377235.0,22.0,331874.0,15690.0,21.0,-1.345291479820628,-0.3
2188,BERUWALA RESORTS PLC,BERU.N0000,1752565338325.0,3.7,2711748.5,739874.0,87.0,0.0,0.0
1802,BIMPUTH LANKA INVESTMENTS PLC,BLI.N0000,,0.0,,,,0.0,0.0
301,BLUE DIAMONDS JEWELLERY WORLDWIDE PLC,BLUE.X0000,,0.0,,,,0.0,0.0
135,BLUE DIAMONDS JEWELLERY WORLDWIDE PLC,BLUE.N0000,,0.0,,,,0.0,0.0
189,BOGALA GRAPHITE LANKA PLC,BOGA.N0000,1752564936842.0,54.9,1298750.4,24249.0,44.0,1.2915129151291513,0.7
34,BOGAWANTALAWA TEA ESTATES PLC,BOPL.N0000,1752564123663.0,65.2,61795.6,905.0,13.0,-1.062215477996965,-0.7
25,BROWN & COMPANY PLC,BRWN.N0000,1752565452767.0,191.25,48508038.5,256405.0,507.0,4.223433242506812,7.75
128,BROWNS BEACH HOTELS PLC,BBH.N0000,1752562583098.0,18.0,163153.4,9066.0,9.0,-0.5524861878453039,-0.1
1851,BROWNS INVESTMENTS PLC,BIL.N0000,1752565254214.0,7.8,117918942.1,15335752.0,672.0,5.405405405405405,0.4
165,BUKIT DARAH PLC,BUKI.N0000,1752559553829.0,765.25,1535.25,2.0,2.0,-1.891025641025641,-14.75
308,C M HOLDINGS PLC,COLO.N0000,1752565310209.0,362.0,13547632.5,36851.0,89.0,-5.1735428945645054,-19.75
510,C T HOLDINGS PLC,CTHR.N0000,1752555601874.0,570.0,88351.5,155.0,6.0,-0.0876424189307625,-0.5
520,C T LAND DEVELOPMENT PLC,CTLD.N0000,1752565181570.0,31.8,1647718.5,50809.0,50.0,-2.1538461538461537,-0.7
335,C. W. MACKIE PLC,CWM.N0000,1752565316859.0,122.0,318201.0,2612.0,43.0,-0.20449897750511248,-0.25
6052,CABLE SOLUTIONS PLC,CSLK.N0000,1752565464812.0,14.4,2187919.2,153100.0,114.0,-0.6896551724137931,-0.1
6297,CAL FIVE YEAR CLOSED END FUND (“Units”),CALC.U0000,,14.5,,,,0.0,0.0
5892,CAL FIVE YEAR OPTIMUM FUND (“Units”),CALI.U0000,,13.4,,,,0.0,0.0
6378,CAPITAL ALLIANCE HOLDINGS LIMITED,CALH.N0000,1752565312425.0,16.0,29968498.6,1884187.0,172.0,0.0,0.0
5293,CAPITAL ALLIANCE PLC,CALT.N0000,1752565225542.0,53.1,4200783.5,79416.0,79.0,1.1428571428571428,0.6
551,CARGILLS (CEYLON) PLC,CARG.N0000,1752562243660.0,583.5,175642.0,301.0,16.0,0.0,0.0
5852,CARGILLS BANK PLC,CBNK.N0000,1752564107333.0,9.5,24514803.5,2556521.0,205.0,-1.0416666666666667,-0.1
22,CARGO BOAT DEVELOPMENT COMPANY PLC,CABO.N0000,1752560653427.0,140.0,325650.0,2353.0,8.0,-1.408450704225352,-2.0
336,CARSON CUMBERBATCH PLC,CARS.N0000,1752559621541.0,480.0,480.0,1.0,1.0,0.05211047420531527,0.25
447,CENTRAL FINANCE COMPANY PLC,CFIN.N0000,1752565310345.0,268.5,68336284.0,251762.0,260.0,-3.2432432432432434,-9.0
224,CENTRAL INDUSTRIES PLC,CIND.N0000,1752564885295.0,164.25,10609947.25,64200.0,74.0,-0.6051437216338881,-1.0
981,CEYLINCO HOLDINGS PLC,CINS.X0000,1752565156914.0,1500.0,11983475.75,7989.0,21.0,-0.3818695002490453,-5.75
91,CEYLINCO HOLDINGS PLC,CINS.N0000,1752558678763.0,3075.0,123831760.5,40252.0,13.0,-0.8064516129032258,-25.0
560,CEYLON BEVERAGE HOLDINGS PLC,BREW.N0000,1752559576149.0,2600.0,122258.75,45.0,6.0,-3.908343342880902,-105.75
426,CEYLON COLD STORES PLC,CCS.N0000,1752565394267.0,114.5,14618762.75,127792.0,160.0,-0.43478260869565216,-0.5
74,CEYLON GRAIN ELEVATORS PLC,GRAN.N0000,1752563919763.0,342.0,31019485.25,90075.0,110.0,-0.941346850108617,-3.25
196,CEYLON GUARDIAN INVESTMENT TRUST PLC,GUAR.N0000,1752565295053.0,195.0,748348.0,3740.0,21.0,-3.7037037037037037,-7.5
264,CEYLON HOSPITALS PLC,CHL.N0000,1752553118951.0,145.0,93638.75,662.0,10.0,0.0,0.0
453,CEYLON HOSPITALS PLC,CHL.X0000,1752552638145.0,119.0,12651.0,107.0,3.0,1.492537313432836,1.75
383,CEYLON HOTELS CORPORATION PLC,CHOT.N0000,1752565418314.0,25.0,2102678.9,83497.0,45.0,-1.9607843137254901,-0.5
133,CEYLON INVESTMENT PLC,CINV.N0000,1752564821824.0,92.8,19194752.6,204981.0,126.0,-1.2765957446808511,-1.2
461,CEYLON LAND & EQUITY PLC,KZOO.N0000,1752564489410.0,9.9,27826507.2,2779237.0,288.0,1.0204081632653061,0.1
241,CEYLON PRINTERS PLC,CPRT.N0000,1752558134108.0,292.75,13514.5,46.0,3.0,-0.42517006802721086,-1.25
1522,CEYLON TEA BROKERS PLC,CTBL.N0000,1752564809712.0,6.6,69979.0,10749.0,12.0,1.5384615384615385,0.1
381,CEYLON TOBACCO COMPANY PLC,CTC.N0000,1752565202906.0,1453.0,4327137.25,2980.0,69.0,-0.22317596566523606,-3.25
529,CHEMANEX PLC,CHMX.N0000,1752565002512.0,170.0,4655447.75,27385.0,38.0,-0.2932551319648094,-0.5
131,CHEVRON LUBRICANTS  LANKA  PLC,LLUB.N0000,1752565452924.0,163.5,29368307.5,178809.0,141.0,-0.60790273556231,-1.0
4966,CHRISSWORLD PLC,CWL.N0000,1752565235684.0,10.2,233031.4,23252.0,15.0,0.9900990099009901,0.1
328,C I C HOLDINGS PLC,CIC.X0000,1752562112678.0,105.75,14417845.0,136200.0,97.0,0.7142857142857143,0.75
162,C I C HOLDINGS PLC,CIC.N0000,1752563913237.0,142.75,39921649.75,279202.0,78.0,-0.17482517482517482,-0.25
1630,CITIZENS DEVELOPMENT BUSINESS FINANCE PLC,CDB.N0000,1752559929661.0,385.0,2947008.75,7614.0,25.0,-3.75,-15.0
1858,CITIZENS DEVELOPMENT BUSINESS FINANCE PLC,CDB.X0000,1752564609294.0,319.0,1574962.25,4889.0,32.0,-2.9657794676806084,-9.75
101,CITRUS LEISURE PLC,REEF.N0000,1752564821787.0,3.9,1194586.8,314027.0,45.0,0.0,0.0
311,CITY HOUSING & REAL ESTATE CO. PLC,CHOU.N0000,,0.0,,,,0.0,0.0
5353,Co-operative Insurance Company PLC,COOP.N0000,1752565355918.0,3.4,20955256.2,6160022.0,169.0,3.0303030303030303,0.1
44,COLOMBO CITY HOLDINGS PLC,PHAR.N0000,1752563898303.0,66.0,424153.5,6369.0,32.0,-1.345291479820628,-0.9
267,COLOMBO DOCKYARD PLC,DOCK.N0000,1752564903923.0,81.6,13846427.0,173186.0,134.0,4.3478260869565215,3.4
385,COLOMBO FORT INVESTMENTS PLC,CFI.N0000,1752557926145.0,237.0,455308.5,1937.0,22.0,1.4989293361884368,3.5
277,COLOMBO INVESTMENT TRUST PLC,CIT.N0000,1752561283092.0,250.0,199652.5,828.0,13.0,0.5025125628140703,1.25
378,COLOMBO LAND AND DEVELOPMENT COMPANY PLC,CLND.N0000,1752563612692.0,28.6,7578030.6,263540.0,45.0,1.4184397163120568,0.4
396,COMMERCIAL BANK OF CEYLON PLC,COMB.X0000,1752565316464.0,139.25,37299647.25,266021.0,273.0,0.9057971014492754,1.25
208,COMMERCIAL BANK OF CEYLON PLC,COMB.N0000,1752565310036.0,170.25,74099267.5,430180.0,499.0,1.3392857142857142,2.25
1798,COMMERCIAL CREDIT AND FINANCE PLC,COCR.N0000,,104.75,148943052.55,1477549.0,1680.0,0.0,0.0
490,COMMERCIAL DEVELOPMENT COMPANY PLC,COMD.N0000,1752563758002.0,187.0,317489.75,1687.0,24.0,-1.5789473684210527,-3.0
168,CONVENIENCE FOODS LANKA PLC,SOY.N0000,1752564574584.0,1359.5,541396.75,401.0,11.0,0.6850583225328643,9.25
123,DANKOTUWA PORCELAIN PLC,DPL.N0000,1752565472775.0,20.7,805089.8,39865.0,36.0,0.4854368932038835,0.1
239,DFCC BANK PLC,DFCC.N0000,1752565472770.0,122.75,61013239.5,493020.0,567.0,0.0,0.0
471,DIALOG AXIATA PLC,DIAL.N0000,1752565403634.0,19.2,4429799.8,230642.0,127.0,-1.0309278350515463,-0.2
1965,DIALOG FINANCE PLC,CALF.N0000,1752559593579.0,49.2,49773.6,995.0,8.0,-1.9920318725099602,-1.0
375,DIESEL & MOTOR ENGINEERING PLC,DIMO.N0000,1752564388254.0,1300.0,9020778.0,6909.0,148.0,-6.086328336644392,-84.25
6172,DIGITAL MOBILITY SOLUTIONS LANKA PLC,PKME.N0000,1752564623060.0,77.5,11797104.2,151636.0,104.0,-0.6410256410256411,-0.5
327,DILMAH CEYLON TEA COMPANY PLC,CTEA.N0000,1752562817161.0,1150.0,107966.5,92.0,10.0,-2.5217207035388856,-29.75
399,DIPPED PRODUCTS PLC,DIPD.N0000,1752565391391.0,59.4,69160077.5,1156142.0,266.0,-1.3289036544850499,-0.8
68,DISTILLERIES COMPANY OF SRI LANKA PLC,DIST.N0000,1752565279337.0,45.2,10398975.3,229297.0,129.0,-1.9522776572668112,-0.9
455,DOLPHIN HOTELS PLC,STAF.N0000,1752563083752.0,45.0,2259163.4,50608.0,28.0,1.8099547511312217,0.8
26,E B CREASY & COMPANY PLC,EBCR.N0000,1752565436546.0,61.2,4071474.3,65478.0,169.0,-3.470031545741325,-2.2
5173,E M L CONSULTANTS PLC,EML.N0000,1752564471536.0,4.0,3466128.7,884917.0,104.0,8.108108108108109,0.3
460,E - CHANNELLING PLC,ECL.N0000,1752555616127.0,12.8,1280.0,100.0,1.0,0.0,0.0
403,EAST WEST PROPERTIES PLC,EAST.N0000,1752565191420.0,40.8,86037897.2,2169229.0,876.0,1.492537313432836,0.6
405,EASTERN MERCHANTS PLC,EMER.N0000,1752565419583.0,8.7,1058998.0,121654.0,41.0,-3.3333333333333335,-0.3
348,EDEN HOTEL LANKA PLC,EDEN.N0000,1752565444625.0,13.5,8178391.1,602869.0,179.0,-2.8776978417266186,-0.4
115,ELPITIYA PLANTATIONS PLC,ELPL.N0000,1752563166423.0,128.5,1830589.75,14297.0,26.0,0.5870841487279843,0.75
113,EQUITY TWO PLC,ETWO.N0000,1752564151041.0,46.5,374.0,8.0,2.0,0.8676789587852495,0.4
5231,Ex-pack Corrugated Cartons PLC,PACK.N0000,1752565211559.0,15.3,3734339.6,246915.0,130.0,-1.2903225806451613,-0.2
5472,EXTERMINATORS PLC,EXT.N0000,1752562182554.0,4.6,205550.2,45600.0,13.0,2.2222222222222223,0.1
528,FIRST CAPITAL HOLDINGS PLC,CFVF.N0000,1752565452015.0,34.4,5061455.1,147918.0,123.0,0.8797653958944281,0.3
5330,First Capital Treasuries PLC,FCT.N0000,1752565353977.0,23.5,3361996.1,143129.0,56.0,0.42735042735042733,0.1
116,GALADARI HOTELS (LANKA) PLC,GHLL.N0000,1752562689580.0,18.0,1403985.6,78741.0,30.0,0.0,0.0
533,GALLE FACE CAPITAL PARTNERS PLC,WAPO.N0000,1752565057906.0,70.6,35809705.4,494493.0,94.0,-2.4861878453038675,-1.8
466,GESTETNER OF CEYLON PLC,GEST.N0000,1752560920496.0,184.75,393329.5,2182.0,8.0,3.792134831460674,6.75
2091,GREENTECH ENERGY PLC,MEL.N0000,1752563548365.0,2.6,26150.8,9736.0,16.0,0.0,0.0
132,HAPUGASTENNE PLANTATIONS PLC,HAPU.N0000,1752552000300.0,45.9,459.0,10.0,1.0,1.3245033112582782,0.6
167,HARISCHANDRA MILLS PLC,HARI.N0000,,3762.75,,,,0.0,0.0
340,HATTON NATIONAL BANK PLC,HNB.X0000,1752565443643.0,294.0,29007538.0,99501.0,172.0,0.4269854824935952,1.25
172,HATTON NATIONAL BANK PLC,HNB.N0000,1752565356370.0,360.0,188081873.75,520532.0,531.0,0.5586592178770949,2.0
4058,HATTON PLANTATIONS PLC,HPL.N0000,1752564262332.0,29.0,89213.4,3126.0,19.0,1.3986013986013985,0.4
31,HAYCARB PLC,HAYC.N0000,1752565320455.0,91.0,12933798.1,141163.0,170.0,-0.10976948408342481,-0.1
331,HAYLEYS FABRIC PLC,MGT.N0000,1752565428943.0,45.3,34267848.5,765381.0,179.0,0.0,0.0
524,HAYLEYS FIBRE PLC,HEXP.N0000,1752564901262.0,49.9,1850982.0,36959.0,59.0,0.20080321285140562,0.1
214,HAYLEYS LEISURE PLC,CONN.N0000,1752564892842.0,30.1,774843.1,25776.0,26.0,0.0,0.0
175,HAYLEYS PLC,HAYL.N0000,1752565200303.0,176.75,164280649.25,938400.0,346.0,2.167630057803468,3.75
5431,HELA APPAREL HOLDINGS PLC,HELA.N0000,1752564804418.0,3.1,2601750.8,841053.0,122.0,0.0,0.0
325,HEMAS HOLDINGS PLC,HHL.N0000,1752565474706.0,30.9,44291396.2,1415073.0,581.0,-2.830188679245283,-0.9
2229,HIKKADUWA BEACH RESORT PLC,CITH.N0000,1752565343735.0,3.2,193313.6,60660.0,27.0,3.225806451612903,0.1
5,HNB ASSURANCE PLC,HASU.N0000,1752565405718.0,96.9,19851950.4,212279.0,176.0,8.632286995515695,7.7
4680,HNB FINANCE PLC,HNBF.N0000,1752565254135.0,6.8,25491093.2,3741214.0,290.0,-1.4492753623188406,-0.1
6216,HNB FINANCE PLC,HNBF.R0000,,0.0,,,,0.0,0.0
4681,HNB FINANCE PLC,HNBF.X0000,1752563612919.0,7.2,958503.1,134803.0,48.0,1.408450704225352,0.1
6217,HNB FINANCE PLC,HNBF.R0001,,0.0,,,,0.0,0.0
103,HORANA PLANTATIONS PLC,HOPL.N0000,1752565348314.0,52.0,2373765.2,44911.0,44.0,-0.7633587786259542,-0.4
183,HOTEL SIGIRIYA PLC,HSIG.N0000,1752562463321.0,72.7,2842040.2,38111.0,21.0,-1.6238159675236807,-1.2
355,HOUSING DEVELOPMENT FINANCE CORPORATION BANK OF SL,HDFC.N0000,1752565474895.0,48.8,12126702.9,247013.0,287.0,-0.20449897750511248,-0.1
5311,hSenid Business Solutions PLC,HBS.N0000,1752565310549.0,11.4,1009814.0,88920.0,46.0,-1.7241379310344827,-0.2
276,HUNAS HOLDINGS PLC,HUNA.N0000,1752564660110.0,19.8,272799.8,13827.0,16.0,1.5384615384615385,0.3
134,HUNTER & COMPANY PLC,HUNT.N0000,1752559747641.0,750.0,750.0,1.0,1.0,-4.061400703549729,-31.75
1786,HVA FOODS PLC,HVA.N0000,1752565035147.0,3.1,803123.0,267598.0,71.0,3.3333333333333335,0.1
269,INDUSTRIAL ASPHALTS (CEYLON) PLC,ASPH.N0000,1752565320928.0,0.3,38351.8,107858.0,32.0,0.0,0.0
3495,JANASHAKTHI FINANCE PLC,BFN.N0000,1752563390486.0,35.0,3426226.8,97988.0,33.0,1.4492753623188406,0.5
941,JANASHAKTHI INSURANCE PLC,JINS.N0000,1752564868831.0,71.1,2532989.6,35473.0,104.0,-0.2805049088359046,-0.2
5127,JAT HOLDINGS PLC,JAT.N0000,1752565316656.0,36.0,14096890.3,392623.0,106.0,1.408450704225352,0.5
4019,JETWING SYMPHONY PLC,JETS.N0000,1752565154398.0,11.8,2854621.7,242941.0,50.0,0.8547008547008547,0.1
297,JOHN KEELLS HOLDINGS PLC,JKH.N0000,1752565429548.0,25.9,829436630.6,32084274.0,2380.0,3.187250996015936,0.8
104,JOHN KEELLS HOTELS PLC,KHL.N0000,1752565343014.0,20.4,71155021.7,3555756.0,356.0,-0.4878048780487805,-0.1
284,JOHN KEELLS PLC,JKL.N0000,1752562720324.0,86.9,218277.1,2570.0,22.0,3.4523809523809526,2.9
8,KAHAWATTE  PLANTATIONS  PLC,KAHA.N0000,1752564390404.0,21.3,280336.4,13106.0,38.0,-1.8433179723502304,-0.4
5371,KAPRUKA HOLDINGS PLC,KPHL.N0000,1752561394588.0,7.8,46313.9,6037.0,10.0,1.2987012987012987,0.1
227,KEELLS FOOD PRODUCTS PLC,KFP.N0000,1752563713807.0,170.0,2380.0,14.0,3.0,0.0,0.0
372,KEGALLE  PLANTATIONS  PLC,KGAL.N0000,1752563092624.0,131.0,773879.75,5882.0,28.0,-2.6022304832713754,-3.5
279,KELANI CABLES PLC,KCAB.N0000,1752565279445.0,620.0,1600670.25,2577.0,29.0,-0.8,-5.0
82,KELANI TYRES PLC,TYRE.N0000,1752565279185.0,90.0,4896106.8,54358.0,44.0,0.5586592178770949,0.5
316,KELANI VALLEY PLANTATIONS PLC,KVAL.N0000,1752562283473.0,86.0,4918367.1,57216.0,43.0,-0.11614401858304298,-0.1
7,KELSEY DEVELOPMENTS PLC,KDL.N0000,,0.0,,,,0.0,0.0
147,KOTAGALA PLANTATIONS PLC,KOTA.N0000,1752564578603.0,9.0,6221442.1,697259.0,161.0,4.651162790697675,0.4
389,KOTMALE HOLDINGS PLC,LAMB.N0000,1752557952753.0,590.0,25487.5,44.0,4.0,0.8978195810175289,5.25
322,LB FINANCE PLC,LFIN.N0000,1752565367212.0,133.75,20942249.25,155699.0,219.0,-2.372262773722628,-3.25
137,LAKE HOUSE PRINTERS & PUBLISHERS PLC,LPRT.N0000,1752560217743.0,258.0,99072.0,384.0,1.0,-1.4326647564469914,-3.75
18,LANKA ALUMINIUM INDUSTRIES PLC,LALU.N0000,1752564423975.0,46.0,33865815.0,729639.0,218.0,-0.21691973969631237,-0.1
550,LANKA ASHOK LEYLAND PLC,ASHO.N0000,1752564835647.0,2166.0,4286738.25,1967.0,109.0,-5.383859342579448,-123.25
259,LANKA CERAMIC PLC,CERA.N0000,1752564901035.0,167.0,173347.75,1056.0,18.0,0.7541478129713424,1.25
5251,LANKA CREDIT AND BUSINESS FINANCE PLC,LCBF.N0000,1752565376954.0,4.4,9601064.2,2195728.0,242.0,-2.2222222222222223,-0.1
553,LANKA IOC PLC,LIOC.N0000,1752565384329.0,132.75,77805657.5,585959.0,221.0,-0.37523452157598497,-0.5
518,LANKA MILK FOODS (CWE) PLC,LMF.N0000,1752565425300.0,52.5,26532452.9,499890.0,339.0,-2.7777777777777777,-1.5
250,LANKA REALTY INVESTMENTS PLC,ASCO.N0000,1752565472965.0,22.6,184242642.2,8411483.0,1325.0,15.897435897435898,3.1
337,LANKA TILES PLC,TILE.N0000,1752564388522.0,56.0,21156432.1,379752.0,81.0,1.633393829401089,0.9
443,LANKA VENTURES PLC,LVEN.N0000,1752562926422.0,61.2,12042408.1,196609.0,120.0,-3.1645569620253164,-2.0
67,LANKA WALLTILE PLC,LWL.N0000,1752565229070.0,51.9,10557836.4,207101.0,130.0,2.366863905325444,1.2
527,LANKEM CEYLON PLC,LCEY.N0000,1752565474824.0,84.1,471600.0,5615.0,16.0,0.9603841536614646,0.8
546,LANKEM DEVELOPMENTS PLC,LDEV.N0000,1752565174372.0,24.2,10551134.2,440725.0,88.0,1.680672268907563,0.4
1744,LAUGFS GAS PLC,LGL.X0000,1752562198216.0,20.4,127694.3,6414.0,12.0,-0.4878048780487805,-0.1
1724,LAUGFS GAS PLC,LGL.N0000,1752564445039.0,29.5,526904.3,18189.0,28.0,-1.0067114093959733,-0.3
4562,LAUGFS POWER PLC,LPL.X0000,1752558431847.0,8.4,50.7,6.0,3.0,-1.1764705882352942,-0.1
4561,LAUGFS POWER PLC,LPL.N0000,1752563486648.0,11.0,36742.3,3500.0,15.0,4.761904761904762,0.5
382,LAXAPANA PLC,LITE.N0000,1752564004874.0,32.0,411617.4,12535.0,13.0,-1.5384615384615385,-0.5
198,LEE HEDGES PLC,SHAW.N0000,1752564613183.0,147.5,870615.0,5999.0,8.0,-1.0067114093959733,-1.5
415,LION BREWERY (CEYLON) PLC,LION.N0000,1752564885991.0,1390.0,425433.75,305.0,34.0,-0.7320121406891626,-10.25
1847,LOLC FINANCE PLC,LOFC.N0000,1752565476733.0,6.2,36672712.7,5955895.0,509.0,3.3333333333333335,0.2
5355,LOLC GENERAL INSURANCE PLC,LGIL.N0000,1752565403696.0,8.8,1245172.5,141198.0,49.0,-1.1235955056179776,-0.1
410,L O L C HOLDINGS PLC,LOLC.N0000,1752565202844.0,572.25,96568794.5,170917.0,530.0,4.140127388535032,22.75
1665,LOTUS HYDRO POWER PLC,HPFL.N0000,1752561957635.0,13.7,1513995.1,111643.0,23.0,0.7352941176470589,0.1
5532,LUMINEX PLC,LUMX.N0000,1752564940878.0,6.8,965385.5,144344.0,58.0,3.0303030303030303,0.2
4038,L V L ENERGY FUND PLC,LVEF.N0000,1752565453699.0,8.5,34920431.7,4121091.0,432.0,-1.1627906976744187,-0.1
170,MADULSIMA  PLANTATIONS  PLC,MADU.N0000,1752564978136.0,11.5,443447.6,38142.0,53.0,-2.542372881355932,-0.3
6032,MAHARAJA FOODS PLC,MFPE.N0000,1752564660442.0,9.0,485949.4,53558.0,48.0,-2.1739130434782608,-0.2
4439,MAHAWELI COCONUT PLANTATIONS PLC,MCPL.N0000,1752564199925.0,40.4,116308.3,2877.0,12.0,-0.9803921568627451,-0.4
187,MAHAWELI REACH HOTELS PLC,MRH.N0000,1752563683403.0,19.6,4627.1,235.0,10.0,-0.5076142131979695,-0.1
439,MALWATTE VALLEY PLANTATION PLC,MAL.N0000,,61.8,,,,0.0,0.0
1595,MALWATTE VALLEY PLANTATION PLC,MAL.X0000,,36.9,,,,0.0,0.0
107,MARAWILA  RESORTS  PLC,MARA.N0000,1752563970042.0,7.0,6782280.2,979914.0,64.0,0.0,0.0
388,MASKELIYA PLANTATIONS PLC,MASK.N0000,1752564061129.0,84.5,2290595.3,26948.0,22.0,-1.9721577726218098,-1.7
3695,MELSTACORP PLC,MELS.N0000,1752563913923.0,152.25,3948765.0,25723.0,57.0,-0.8143322475570033,-1.25
1799,MERCANTILE INVESTMENTS AND FINANCE PLC,MERC.N0000,,2600.0,,,,0.0,0.0
209,MERCANTILE SHIPPING COMPANY PLC,MSL.N0000,1752560112750.0,288.75,577.75,2.0,2.0,3.125,8.75
400,MERCHANT BANK OF SRI LANKA & FINANCE PLC,MBSL.N0000,1752564878319.0,7.4,2501809.9,338927.0,52.0,0.0,0.0
3055,MILLENNIUM HOUSING DEVELOPERS PLC,MHDL.N0000,1752565367121.0,5.4,16186910.9,2893316.0,438.0,5.882352941176471,0.3
384,MULLER & PHIPPS (CEYLON) PLC,MULL.N0000,1752562507537.0,1.6,152055.5,97325.0,36.0,0.0,0.0
5351,MYLAND DEVELOPMENTS PLC,MDL.N0000,1752562366469.0,8.8,141680.0,16100.0,7.0,3.5294117647058822,0.3
1448,NAMAL ACUITY VALUE FUND,NAVF.U0000,,0.0,,,,0.0,0.0
291,NAMUNUKULA PLANTATIONS PLC,NAMU.N0000,1752565008049.0,396.0,855294.5,2149.0,20.0,-1.1852776044915783,-4.75
218,NATION LANKA FINANCE PLC,CSF.N0000,1752565403627.0,0.2,1231471.6,12202672.0,120.0,100.0,0.1
77,NATIONAL DEVELOPMENT BANK PLC,NDB.N0000,1752564732871.0,125.5,100377420.5,788547.0,553.0,1.8255578093306288,2.25
9,NATIONS TRUST BANK PLC,NTB.N0000,1752565376805.0,218.5,39600449.75,180063.0,106.0,-0.45558086560364464,-1.0
4077,NATIONS TRUST BANK PLC,NTB.X0000,1752564933069.0,262.5,134155.0,493.0,6.0,-5.998209489704566,-16.75
230,NAWALOKA HOSPITALS PLC,NHL.N0000,1752564191329.0,6.2,722887.1,120381.0,21.0,3.3333333333333335,0.2
1596,ODEL PLC,ODEL.N0000,1752563812420.0,11.1,32419.6,2888.0,6.0,-0.8928571428571429,-0.1
526,OFFICE EQUIPMENT PLC,OFEQ.N0000,,189.75,,,,0.0,0.0
492,ON'ALLY HOLDINGS PLC,ONAL.N0000,1752565245103.0,31.5,169285.9,5384.0,20.0,-0.6309148264984227,-0.2
387,OVERSEAS REALTY (CEYLON) PLC,OSEA.N0000,1752565433283.0,31.9,254054858.1,7957893.0,1061.0,4.934210526315789,1.5
354,PALM GARDEN HOTELS PLC,PALM.N0000,1752563194393.0,72.0,252968.0,3506.0,8.0,-2.0408163265306123,-1.5
105,PAN ASIA BANKING CORPORATION PLC,PABC.N0000,1752565343168.0,52.4,157187564.9,3001926.0,956.0,4.382470119521912,2.2
1784,PANASIAN POWER PLC,PAP.N0000,1752565367726.0,18.8,18314242.1,969096.0,259.0,0.0,0.0
487,PARAGON CEYLON PLC,PARA.N0000,1752557064575.0,92.0,92260.7,1003.0,2.0,0.2178649237472767,0.2
504,PEGASUS HOTELS OF CEYLON PLC,PEG.N0000,1752564712994.0,34.2,47739.5,1397.0,17.0,6.542056074766355,2.1
3461,PEOPLE'S INSURANCE PLC,PINS.N0000,1752564993980.0,36.0,11210676.0,306801.0,86.0,-2.4390243902439024,-0.9
1968,PEOPLE'S LEASING & FINANCE PLC,PLC.N0000,1752565388660.0,22.9,42407820.7,1844090.0,247.0,-1.293103448275862,-0.3
486,PGP GLASS CEYLON PLC,GLAS.N0000,1752564399492.0,54.6,1349091.7,24647.0,67.0,-0.18281535648994515,-0.1
523,PMF FINANCE PLC,PMB.N0000,1752564721489.0,11.8,1949073.1,164649.0,103.0,-4.838709677419355,-0.6
4986,PRIME LANDS RESIDENCIES PLC,PLR.N0000,1752565367017.0,16.7,92493934.2,5510544.0,619.0,0.6024096385542169,0.1
258,PRINTCARE PLC,CARE.N0000,1752559726420.0,57.4,3793494.8,66054.0,25.0,2.6833631484794274,1.5
3815,R I L PROPERTY PLC,RIL.N0000,1752565480215.0,28.0,77186453.3,2773423.0,612.0,-1.0600706713780919,-0.3
203,RADIANT GEMS INTERNATIONAL PLC,RGEM.N0000,1752564696715.0,67.9,407.4,6.0,2.0,3.9816232771822357,2.6
1561,RAIGAM WAYAMBA SALTERNS PLC,RWSL.N0000,1752565480618.0,13.2,8900631.7,666546.0,93.0,-2.9411764705882355,-0.4
2150,RAMBODA FALLS PLC,RFL.N0000,1752562864686.0,36.1,541.5,15.0,1.0,-4.497354497354498,-1.7
1485,RENUKA AGRI FOODS PLC,RAL.N0000,1752565403554.0,3.7,937578.6,257099.0,39.0,0.0,0.0
478,RENUKA CITY HOTELS PLC.,RENU.N0000,1752562635819.0,636.75,2856301.25,4586.0,34.0,1.0714285714285714,6.75
507,RENUKA FOODS PLC,COCO.N0000,1752564720235.0,13.9,440768.3,31757.0,22.0,0.0,0.0
1521,RENUKA FOODS PLC,COCO.X0000,1752563133944.0,11.9,91141.7,7888.0,15.0,0.0,0.0
1481,RENUKA HOLDINGS PLC,RHL.X0000,1752565338461.0,16.0,151818.0,9490.0,6.0,0.0,0.0
701,RENUKA HOLDINGS PLC,RHL.N0000,1752562243572.0,19.0,5311669.3,278849.0,32.0,2.7027027027027026,0.5
3938,RENUKA HOTELS PLC,RCH.N0000,1752561719125.0,163.0,601389.0,3703.0,7.0,0.6172839506172839,1.0
1446,RESUS ENERGY PLC,HPWR.N0000,1752557277443.0,28.7,2669597.6,90602.0,18.0,-1.7123287671232876,-0.5
511,RICHARD PIERIS AND COMPANY PLC,RICH.N0000,1752565085364.0,24.4,2297280.4,95521.0,56.0,0.8264462809917356,0.2
164,RICHARD PIERIS EXPORTS PLC,REXP.N0000,1752558243499.0,365.0,376327.25,1037.0,15.0,-0.2050580997949419,-0.75
503,ROYAL CERAMICS LANKA PLC,RCL.N0000,1752565403671.0,41.0,121040982.1,3019669.0,527.0,3.7974683544303796,1.5
55,ROYAL PALMS BEACH HOTELS PLC,RPBH.N0000,1752560340633.0,37.0,204894.0,5539.0,8.0,-1.3333333333333333,-0.5
266,SAMPATH BANK PLC,SAMP.N0000,1752565376873.0,138.0,252997050.25,1829008.0,1310.0,0.36363636363636365,0.5
117,SAMSON INTERNATIONAL PLC,SIL.N0000,1752565425636.0,155.0,4495.0,29.0,1.0,-8.823529411764707,-15.0
2147,SANASA DEVELOPMENT BANK PLC,SDB.N0000,1752565474126.0,39.5,6879834.3,171451.0,117.0,-3.4229828850855744,-1.4
5291,SARVODAYA DEVELOPMENT FINANCE PLC,SDF.N0000,1752564752005.0,31.8,17955477.9,562069.0,110.0,-0.625,-0.2
479,SATHOSA MOTORS PLC,SMOT.N0000,1752562166281.0,1098.75,2019529.5,1920.0,51.0,1.2672811059907834,13.75
3448,SENFIN SECURITIES LIMITED,COF.U0000,,0.0,,,,0.0,0.0
1789,SENKADAGALA FINANCE COMPANY PLC,SFCL.N0000,1752559983706.0,490.0,68740.0,136.0,12.0,0.0,0.0
485,SERENDIB ENGINEERING GROUP PLC,IDL.N0000,,0.0,,,,0.0,0.0
246,SERENDIB HOTELS PLC,SHOT.N0000,1752565323723.0,20.8,326061.0,16085.0,20.0,0.4830917874396135,0.1
432,SERENDIB HOTELS PLC,SHOT.X0000,1752564970926.0,11.5,1380201.1,121107.0,42.0,0.0,0.0
243,SERENDIB LAND PLC,SLND.N0000,,1419.5,,,,0.0,0.0
213,SEYLAN BANK PLC,SEYB.X0000,1752565428706.0,65.5,185121123.9,2831654.0,482.0,2.34375,1.5
42,SEYLAN BANK PLC,SEYB.N0000,1752565076858.0,86.1,27604029.4,321313.0,153.0,0.34965034965034963,0.3
505,SEYLAN DEVELOPMENTS PLC,CSD.N0000,1752563926247.0,28.7,7461386.2,256450.0,63.0,-1.3745704467353952,-0.4
142,SIERRA CABLES PLC,SIRA.N0000,1752564461848.0,16.1,9067674.5,565620.0,78.0,-0.6172839506172839,-0.1
437,SIGIRIYA VILLAGE HOTELS PLC,SIGV.N0000,1752561781024.0,117.25,36010.5,313.0,7.0,0.0,0.0
512,SINGER (SRI LANKA) PLC,SINS.N0000,1752564430995.0,51.0,17201506.1,335497.0,138.0,-1.9230769230769231,-1.0
1785,SINGER FINANCE LANKA PLC,SFIN.N0000,1752564625290.0,41.8,27119796.9,634578.0,97.0,-1.8779342723004695,-0.8
3307,SINGHE HOSPITALS PLC,SINH.N0000,1752565386127.0,7.5,5696846.7,743712.0,131.0,-5.063291139240507,-0.4
185,SMB FINANCE PLC,SEMB.N0000,1752562787092.0,0.6,188554.2,313896.0,29.0,0.0,0.0
357,SMB FINANCE PLC,SEMB.X0000,1752564352663.0,0.3,392251.6,1311894.0,23.0,50.0,0.1
1944,SOFTLOGIC CAPITAL PLC,SCAP.N0000,1752564920302.0,5.5,3827553.1,684884.0,68.0,-1.7857142857142858,-0.1
1041,SOFTLOGIC FINANCE PLC,CRL.N0000,1752563383773.0,5.6,1294054.0,228265.0,27.0,0.0,0.0
1849,SOFTLOGIC HOLDINGS PLC,SHL.N0000,1752560157644.0,7.3,122064.4,16781.0,16.0,0.0,0.0
6111,SOFTLOGIC HOLDINGS PLC,SHL.W0000,,0.0,,,,0.0,0.0
118,SOFTLOGIC LIFE INSURANCE PLC,AAIC.N0000,1752565338491.0,77.3,21159031.6,269985.0,240.0,-2.7672955974842766,-2.2
556,SRI LANKA TELECOM PLC,SLTL.N0000,1752564952795.0,58.1,6512962.4,111464.0,143.0,-1.3582342954159592,-0.8
153,STANDARD CAPITAL PLC,SING.N0000,,0.0,,,,0.0,0.0
238,SUNSHINE HOLDINGS PLC,SUN.N0000,1752565070925.0,26.1,63909998.8,2429790.0,460.0,-1.1363636363636365,-0.3
313,SWADESHI INDUSTRIAL WORKS  PLC,SWAD.N0000,1752552000341.0,16000.0,16000.0,1.0,1.0,6.666666666666667,1000.0
119,SWISSTEK (CEYLON) PLC,PARQ.N0000,1752565472432.0,101.5,18765790.0,184739.0,257.0,-3.1026252983293556,-3.25
468,TAL LANKA HOTELS PLC,TAJ.N0000,1752563474778.0,20.5,63992.1,2999.0,9.0,-3.30188679245283,-0.7
477,TALAWAKELLE TEA ESTATES PLC,TPL.N0000,1752564854490.0,150.75,722396.75,4805.0,17.0,-0.16556291390728478,-0.25
482,TANGERINE BEACH HOTELS PLC,TANG.N0000,1752564712066.0,89.4,1790288.1,20827.0,33.0,6.682577565632458,5.6
484,TEA SMALLHOLDER FACTORIES PLC,TSML.N0000,1752565002252.0,40.6,2307286.3,56264.0,43.0,-0.975609756097561,-0.4
1854,TEEJAY LANKA PLC,TJL.N0000,1752565070321.0,48.0,6550519.3,135887.0,79.0,-1.0309278350515463,-0.5
4,TESS AGRO PLC,TESS.N0000,1752565444898.0,1.1,24286.9,21124.0,11.0,0.0,0.0
2997,TESS AGRO PLC,TESS.X0000,1752565480360.0,0.8,43758.8,55212.0,11.0,14.285714285714286,0.1
306,THE AUTODROME PLC,AUTO.N0000,,112.5,,,,0.0,0.0
525,THE COLOMBO FORT LAND AND BUILDING PLC,CFLB.N0000,1752564354853.0,75.0,1028663.0,14187.0,55.0,4.0221914008321775,2.9
414,THE FORTRESS RESORTS PLC,RHTL.N0000,1752563285469.0,29.5,3399959.9,113605.0,25.0,5.734767025089606,1.6
329,THE KANDY HOTELS COMPANY (1938) PLC,KHC.N0000,1752565279112.0,11.4,285234.4,25353.0,26.0,0.0,0.0
253,THE KINGSBURY PLC,SERV.N0000,1752565310719.0,12.9,12589702.6,972422.0,131.0,1.5748031496062993,0.2
40,THE LANKA HOSPITALS CORPORATION PLC,LHCL.N0000,1752565472187.0,80.0,555969.0,6947.0,18.0,-0.12484394506866417,-0.1
317,THE  LIGHTHOUSE  HOTEL  PLC,LHL.N0000,1752564743870.0,66.5,4052031.0,62885.0,42.0,0.45317220543806647,0.3
363,THE NUWARA ELIYA HOTELS COMPANY PLC,NEH.N0000,1752564765719.0,2709.0,511327.0,187.0,10.0,3.793103448275862,99.0
93,THREE ACRE FARMS PLC,TAFL.N0000,1752564735207.0,602.0,16773048.75,27593.0,94.0,-0.24855012427506215,-1.5
411,TOKYO CEMENT COMPANY (LANKA) PLC,TKYO.N0000,1752565425327.0,85.6,26455280.5,308155.0,298.0,-2.2831050228310503,-2.0
15,TOKYO CEMENT COMPANY (LANKA) PLC,TKYO.X0000,1752565409786.0,73.0,27159658.4,372488.0,180.0,0.0,0.0
499,TRANS ASIA HOTELS PLC,TRAN.N0000,1752564720335.0,47.0,273365.8,6027.0,22.0,-1.8789144050104385,-0.9
5732,UB FINANCE PLC,UBF.N0000,1752563898736.0,1.0,4016770.2,4039654.0,147.0,0.0,0.0
561,UDAPUSSELLAWA  PLANTATIONS PLC,UDPL.N0000,1752563325364.0,127.0,291241.0,2292.0,9.0,0.7936507936507936,1.0
425,UNION ASSURANCE PLC,UAL.N0000,1752565359234.0,69.4,18023560.6,258465.0,163.0,0.5797101449275363,0.4
1790,UNION BANK OF COLOMBO PLC,UBC.N0000,1752564789268.0,10.9,3814411.3,348600.0,53.0,0.0,0.0
278,UNION CHEMICALS LANKA PLC,UCAR.N0000,1752563138132.0,842.0,2813997.0,3315.0,20.0,0.11890606420927467,1.0
262,UNITED MOTORS LANKA PLC,UML.N0000,1752565250517.0,170.25,31228185.5,183922.0,184.0,-2.014388489208633,-3.5
1563,VALLIBEL FINANCE PLC,VFIN.N0000,1752565355977.0,114.5,31565710.25,272237.0,265.0,-0.8658008658008658,-1.0
1848,VALLIBEL ONE PLC,VONE.N0000,1752565442667.0,88.3,132748427.6,1519528.0,457.0,1.4942528735632183,1.3
473,VALLIBEL POWER ERATHNA PLC,VPEL.N0000,1752565475392.0,13.9,3625541.0,259983.0,87.0,0.0,0.0
5005,VIDULLANKA PLC,VLL.X0000,1752564781216.0,11.0,544350.5,49671.0,15.0,0.0,0.0
300,VIDULLANKA PLC,VLL.N0000,1752565229841.0,14.2,179423.5,12539.0,29.0,0.0,0.0
1971,WASKADUWA BEACH RESORT PLC,CITW.N0000,1752563702131.0,1.9,2162218.2,1133799.0,53.0,-5.0,-0.1
148,WATAWALA  PLANTATIONS  PLC,WATA.N0000,1752565295836.0,33.4,10162230.5,306030.0,175.0,-0.29850746268656714,-0.1
4887,WINDFORCE PLC,WIND.N0000,1752565431464.0,24.7,1527964.0,61926.0,67.0,-0.4032258064516129,-0.1
180,YORK ARCADE HOLDINGS PLC,YORK.N0000,1752565435949.0,162.5,511.5,3.0,2.0,-6.743185078909613,-11.75
